,filename,basename,function,path,normalized_path,previous_path,timestamp,ms_in_state
0,/home/vanessa/Desktop/Code/lammps-time/experiments/local-kind/results/recordings/lammps-patch_31May2019.out,lammps-patch_31May2019.out,Lookup,/etc,/etc,,1732059734680673292,
1,/home/vanessa/Desktop/Code/lammps-time/experiments/local-kind/results/recordings/lammps-patch_31May2019.out,lammps-patch_31May2019.out,Lookup,/etc/host.conf,/etc/host.conf,/etc,1732059734680776429,
2,/home/vanessa/Desktop/Code/lammps-time/experiments/local-kind/results/recordings/lammps-patch_31May2019.out,lammps-patch_31May2019.out,Lookup,/etc/hosts,/etc/hosts,/etc/host.conf,1732059734680806586,
3,/home/vanessa/Desktop/Code/lammps-time/experiments/local-kind/results/recordings/lammps-patch_31May2019.out,lammps-patch_31May2019.out,Lookup,/etc/nsswitch.conf,/etc/nsswitch.conf,/etc/hosts,1732059734680837125,
4,/home/vanessa/Desktop/Code/lammps-time/experiments/local-kind/results/recordings/lammps-patch_31May2019.out,lammps-patch_31May2019.out,Lookup,/etc/resolv.conf,/etc/resolv.conf,/etc/nsswitch.conf,1732059734680861281,
5,/home/vanessa/Desktop/Code/lammps-time/experiments/local-kind/results/recordings/lammps-patch_31May2019.out,lammps-patch_31May2019.out,Lookup,/dev,/dev,/etc/resolv.conf,1732059734680886088,
6,/home/vanessa/Desktop/Code/lammps-time/experiments/local-kind/results/recordings/lammps-patch_31May2019.out,lammps-patch_31May2019.out,Lookup,/sys,/sys,/dev,1732059734680907790,
7,/home/vanessa/Desktop/Code/lammps-time/experiments/local-kind/results/recordings/lammps-patch_31May2019.out,lammps-patch_31May2019.out,Lookup,/proc,/proc,/sys,1732059734680928459,
8,/home/vanessa/Desktop/Code/lammps-time/experiments/local-kind/results/recordings/lammps-patch_31May2019.out,lammps-patch_31May2019.out,Lookup,/tmp,/tmp,/proc,1732059734680948958,
9,/home/vanessa/Desktop/Code/lammps-time/experiments/local-kind/results/recordings/lammps-patch_31May2019.out,lammps-patch_31May2019.out,Lookup,/root,/root,/tmp,1732059734680972664,
10,/home/vanessa/Desktop/Code/lammps-time/experiments/local-kind/results/recordings/lammps-patch_31May2019.out,lammps-patch_31May2019.out,Lookup,/opt,/opt,/root,1732059734681015956,
11,/home/vanessa/Desktop/Code/lammps-time/experiments/local-kind/results/recordings/lammps-patch_31May2019.out,lammps-patch_31May2019.out,Lookup,/opt/lammps,/opt/lammps,/opt,1732059734681038219,
12,/home/vanessa/Desktop/Code/lammps-time/experiments/local-kind/results/recordings/lammps-patch_31May2019.out,lammps-patch_31May2019.out,Lookup,/opt/lammps/examples,/opt/lammps/examples,/opt/lammps,1732059734681063136,
13,/home/vanessa/Desktop/Code/lammps-time/experiments/local-kind/results/recordings/lammps-patch_31May2019.out,lammps-patch_31May2019.out,Lookup,/opt/lammps/examples/reax,/opt/lammps/examples/reax,/opt/lammps/examples,1732059734681089266,
14,/home/vanessa/Desktop/Code/lammps-time/experiments/local-kind/results/recordings/lammps-patch_31May2019.out,lammps-patch_31May2019.out,Lookup,/opt/lammps/examples/reax/HNS,/opt/lammps/examples/reax/HNS,/opt/lammps/examples/reax,1732059734681119554,
15,/home/vanessa/Desktop/Code/lammps-time/experiments/local-kind/results/recordings/lammps-patch_31May2019.out,lammps-patch_31May2019.out,Lookup,/usr,/usr,/opt/lammps/examples/reax/HNS,1732059734681246326,
16,/home/vanessa/Desktop/Code/lammps-time/experiments/local-kind/results/recordings/lammps-patch_31May2019.out,lammps-patch_31May2019.out,Lookup,/usr/local,/usr/local,/usr,1732059734681272797,
17,/home/vanessa/Desktop/Code/lammps-time/experiments/local-kind/results/recordings/lammps-patch_31May2019.out,lammps-patch_31May2019.out,Lookup,/usr/local/sbin,/usr/local/sbin,/usr/local,1732059734681295410,
18,/home/vanessa/Desktop/Code/lammps-time/experiments/local-kind/results/recordings/lammps-patch_31May2019.out,lammps-patch_31May2019.out,Lookup,/usr/local/bin,/usr/local/bin,/usr/local/sbin,1732059734681385302,
19,/home/vanessa/Desktop/Code/lammps-time/experiments/local-kind/results/recordings/lammps-patch_31May2019.out,lammps-patch_31May2019.out,Lookup,/usr/sbin,/usr/sbin,/usr/local/bin,1732059734681471837,
20,/home/vanessa/Desktop/Code/lammps-time/experiments/local-kind/results/recordings/lammps-patch_31May2019.out,lammps-patch_31May2019.out,Lookup,/usr/bin,/usr/bin,/usr/sbin,1732059734681560176,
21,/home/vanessa/Desktop/Code/lammps-time/experiments/local-kind/results/recordings/lammps-patch_31May2019.out,lammps-patch_31May2019.out,Lookup,/usr/bin/lmp,/usr/bin/lmp,/usr/bin,1732059734681591906,
22,/home/vanessa/Desktop/Code/lammps-time/experiments/local-kind/results/recordings/lammps-patch_31May2019.out,lammps-patch_31May2019.out,Open,/usr/bin/lmp,/usr/bin/lmp,/usr/bin/lmp,1732059734681840822,84240
23,/home/vanessa/Desktop/Code/lammps-time/experiments/local-kind/results/recordings/lammps-patch_31May2019.out,lammps-patch_31May2019.out,Close,/usr/bin/lmp,/usr/bin/lmp,/usr/bin/lmp,1732059734681925062,
24,/home/vanessa/Desktop/Code/lammps-time/experiments/local-kind/results/recordings/lammps-patch_31May2019.out,lammps-patch_31May2019.out,Open,/usr/bin/lmp,/usr/bin/lmp,/usr/bin/lmp,1732059734681949309,
25,/home/vanessa/Desktop/Code/lammps-time/experiments/local-kind/results/recordings/lammps-patch_31May2019.out,lammps-patch_31May2019.out,Lookup,/lib64,/lib64,/usr/bin/lmp,1732059734682001699,
26,/home/vanessa/Desktop/Code/lammps-time/experiments/local-kind/results/recordings/lammps-patch_31May2019.out,lammps-patch_31May2019.out,Lookup,/usr/lib64,/usr/lib64,/lib64,1732059734682044230,
27,/home/vanessa/Desktop/Code/lammps-time/experiments/local-kind/results/recordings/lammps-patch_31May2019.out,lammps-patch_31May2019.out,Lookup,/usr/lib64/ld-linux-x86-64.so.2,/usr/lib64/ld-linux-x86-64.so,/usr/lib64,1732059734682125235,
28,/home/vanessa/Desktop/Code/lammps-time/experiments/local-kind/results/recordings/lammps-patch_31May2019.out,lammps-patch_31May2019.out,Lookup,/lib,/lib,/usr/lib64/ld-linux-x86-64.so,1732059734682194517,
29,/home/vanessa/Desktop/Code/lammps-time/experiments/local-kind/results/recordings/lammps-patch_31May2019.out,lammps-patch_31May2019.out,Lookup,/usr/lib,/usr/lib,/lib,1732059734682226879,
30,/home/vanessa/Desktop/Code/lammps-time/experiments/local-kind/results/recordings/lammps-patch_31May2019.out,lammps-patch_31May2019.out,Lookup,/usr/lib/x86_64-linux-gnu,/usr/lib/x86_64-linux-gnu,/usr/lib,1732059734682294999,
31,/home/vanessa/Desktop/Code/lammps-time/experiments/local-kind/results/recordings/lammps-patch_31May2019.out,lammps-patch_31May2019.out,Lookup,/usr/lib/x86_64-linux-gnu/ld-linux-x86-64.so.2,/usr/lib/x86_64-linux-gnu/ld-linux-x86-64.so,/usr/lib/x86_64-linux-gnu,1732059734682319155,429610
32,/home/vanessa/Desktop/Code/lammps-time/experiments/local-kind/results/recordings/lammps-patch_31May2019.out,lammps-patch_31May2019.out,Close,/usr/bin/lmp,/usr/bin/lmp,/usr/lib/x86_64-linux-gnu/ld-linux-x86-64.so,1732059734682378919,
33,/home/vanessa/Desktop/Code/lammps-time/experiments/local-kind/results/recordings/lammps-patch_31May2019.out,lammps-patch_31May2019.out,Open,/usr/lib/x86_64-linux-gnu/ld-linux-x86-64.so.2,/usr/lib/x86_64-linux-gnu/ld-linux-x86-64.so,/usr/bin/lmp,1732059734682396272,58081
34,/home/vanessa/Desktop/Code/lammps-time/experiments/local-kind/results/recordings/lammps-patch_31May2019.out,lammps-patch_31May2019.out,Close,/usr/lib/x86_64-linux-gnu/ld-linux-x86-64.so.2,/usr/lib/x86_64-linux-gnu/ld-linux-x86-64.so,/usr/lib/x86_64-linux-gnu/ld-linux-x86-64.so,1732059734682454353,
35,/home/vanessa/Desktop/Code/lammps-time/experiments/local-kind/results/recordings/lammps-patch_31May2019.out,lammps-patch_31May2019.out,Open,/usr/bin/lmp,/usr/bin/lmp,/usr/lib/x86_64-linux-gnu/ld-linux-x86-64.so,1732059734682994805,303490
36,/home/vanessa/Desktop/Code/lammps-time/experiments/local-kind/results/recordings/lammps-patch_31May2019.out,lammps-patch_31May2019.out,Close,/usr/bin/lmp,/usr/bin/lmp,/usr/bin/lmp,1732059734683298295,
37,/home/vanessa/Desktop/Code/lammps-time/experiments/local-kind/results/recordings/lammps-patch_31May2019.out,lammps-patch_31May2019.out,Open,/usr/lib/x86_64-linux-gnu/ld-linux-x86-64.so.2,/usr/lib/x86_64-linux-gnu/ld-linux-x86-64.so,/usr/bin/lmp,1732059734683744196,209180
38,/home/vanessa/Desktop/Code/lammps-time/experiments/local-kind/results/recordings/lammps-patch_31May2019.out,lammps-patch_31May2019.out,Close,/usr/lib/x86_64-linux-gnu/ld-linux-x86-64.so.2,/usr/lib/x86_64-linux-gnu/ld-linux-x86-64.so,/usr/lib/x86_64-linux-gnu/ld-linux-x86-64.so,1732059734683953376,
39,/home/vanessa/Desktop/Code/lammps-time/experiments/local-kind/results/recordings/lammps-patch_31May2019.out,lammps-patch_31May2019.out,Lookup,/opt/software,/opt/software,/usr/lib/x86_64-linux-gnu/ld-linux-x86-64.so,1732059734684518826,
40,/home/vanessa/Desktop/Code/lammps-time/experiments/local-kind/results/recordings/lammps-patch_31May2019.out,lammps-patch_31May2019.out,Lookup,/opt/software/linux-rocky9-x86_64,/opt/software/linux-rocky9-x86_64,/opt/software,1732059734684555716,
41,/home/vanessa/Desktop/Code/lammps-time/experiments/local-kind/results/recordings/lammps-patch_31May2019.out,lammps-patch_31May2019.out,Lookup,/opt/software/linux-rocky9-x86_64/gcc-11.4.1,/opt/software/linux-rocky9-x86_64/gcc-11.4.1,/opt/software/linux-rocky9-x86_64,1732059734684580373,
42,/home/vanessa/Desktop/Code/lammps-time/experiments/local-kind/results/recordings/lammps-patch_31May2019.out,lammps-patch_31May2019.out,Lookup,/opt/software/linux-rocky9-x86_64/gcc-11.4.1/flux-core-0.61.2-va52p5ph7ylanopgk7ranjgtjgc2wb5y,/opt/software/linux-rocky9-x86_64/gcc-11.4.1/flux-core-0.61.2-va52p5ph7ylanopgk7ranjgtjgc2wb5y,/opt/software/linux-rocky9-x86_64/gcc-11.4.1,1732059734684606022,
43,/home/vanessa/Desktop/Code/lammps-time/experiments/local-kind/results/recordings/lammps-patch_31May2019.out,lammps-patch_31May2019.out,Lookup,/opt/software/linux-rocky9-x86_64/gcc-11.4.1/flux-core-0.61.2-va52p5ph7ylanopgk7ranjgtjgc2wb5y/lib,/opt/software/linux-rocky9-x86_64/gcc-11.4.1/flux-core-0.61.2-va52p5ph7ylanopgk7ranjgtjgc2wb5y/lib,/opt/software/linux-rocky9-x86_64/gcc-11.4.1/flux-core-0.61.2-va52p5ph7ylanopgk7ranjgtjgc2wb5y,1732059734684654114,
44,/home/vanessa/Desktop/Code/lammps-time/experiments/local-kind/results/recordings/lammps-patch_31May2019.out,lammps-patch_31May2019.out,Lookup,/opt/software/linux-rocky9-x86_64/gcc-11.4.1/flux-core-0.61.2-va52p5ph7ylanopgk7ranjgtjgc2wb5y/lib/flux,/opt/software/linux-rocky9-x86_64/gcc-11.4.1/flux-core-0.61.2-va52p5ph7ylanopgk7ranjgtjgc2wb5y/lib/flux,/opt/software/linux-rocky9-x86_64/gcc-11.4.1/flux-core-0.61.2-va52p5ph7ylanopgk7ranjgtjgc2wb5y/lib,1732059734684679052,
45,/home/vanessa/Desktop/Code/lammps-time/experiments/local-kind/results/recordings/lammps-patch_31May2019.out,lammps-patch_31May2019.out,Lookup,/etc/ld.so.cache,/etc/ld.so,/opt/software/linux-rocky9-x86_64/gcc-11.4.1/flux-core-0.61.2-va52p5ph7ylanopgk7ranjgtjgc2wb5y/lib/flux,1732059734686899682,
46,/home/vanessa/Desktop/Code/lammps-time/experiments/local-kind/results/recordings/lammps-patch_31May2019.out,lammps-patch_31May2019.out,Open,/etc/ld.so.cache,/etc/ld.so,/etc/ld.so,1732059734686943787,151900
47,/home/vanessa/Desktop/Code/lammps-time/experiments/local-kind/results/recordings/lammps-patch_31May2019.out,lammps-patch_31May2019.out,Close,/etc/ld.so.cache,/etc/ld.so,/etc/ld.so,1732059734687095687,
48,/home/vanessa/Desktop/Code/lammps-time/experiments/local-kind/results/recordings/lammps-patch_31May2019.out,lammps-patch_31May2019.out,Lookup,/usr/lib/x86_64-linux-gnu/libmpich.so.12,/usr/lib/x86_64-linux-gnu/libmpich.so,/etc/ld.so,1732059734687360753,
49,/home/vanessa/Desktop/Code/lammps-time/experiments/local-kind/results/recordings/lammps-patch_31May2019.out,lammps-patch_31May2019.out,Lookup,/usr/lib/x86_64-linux-gnu/libmpich.so.12.2.0,/usr/lib/x86_64-linux-gnu/libmpich.so,/usr/lib/x86_64-linux-gnu/libmpich.so,1732059734687406971,
50,/home/vanessa/Desktop/Code/lammps-time/experiments/local-kind/results/recordings/lammps-patch_31May2019.out,lammps-patch_31May2019.out,Open,/usr/lib/x86_64-linux-gnu/libmpich.so.12.2.0,/usr/lib/x86_64-linux-gnu/libmpich.so,/usr/lib/x86_64-linux-gnu/libmpich.so,1732059734687478097,300664
51,/home/vanessa/Desktop/Code/lammps-time/experiments/local-kind/results/recordings/lammps-patch_31May2019.out,lammps-patch_31May2019.out,Close,/usr/lib/x86_64-linux-gnu/libmpich.so.12.2.0,/usr/lib/x86_64-linux-gnu/libmpich.so,/usr/lib/x86_64-linux-gnu/libmpich.so,1732059734687778761,
52,/home/vanessa/Desktop/Code/lammps-time/experiments/local-kind/results/recordings/lammps-patch_31May2019.out,lammps-patch_31May2019.out,Lookup,/usr/lib/x86_64-linux-gnu/libstdc++.so.6,/usr/lib/x86_64-linux-gnu/libstdc++.so,/usr/lib/x86_64-linux-gnu/libmpich.so,1732059734688139229,
53,/home/vanessa/Desktop/Code/lammps-time/experiments/local-kind/results/recordings/lammps-patch_31May2019.out,lammps-patch_31May2019.out,Lookup,/usr/lib/x86_64-linux-gnu/libstdc++.so.6.0.30,/usr/lib/x86_64-linux-gnu/libstdc++.so,/usr/lib/x86_64-linux-gnu/libstdc++.so,1732059734688185287,
54,/home/vanessa/Desktop/Code/lammps-time/experiments/local-kind/results/recordings/lammps-patch_31May2019.out,lammps-patch_31May2019.out,Open,/usr/lib/x86_64-linux-gnu/libstdc++.so.6.0.30,/usr/lib/x86_64-linux-gnu/libstdc++.so,/usr/lib/x86_64-linux-gnu/libstdc++.so,1732059734688253317,353596
55,/home/vanessa/Desktop/Code/lammps-time/experiments/local-kind/results/recordings/lammps-patch_31May2019.out,lammps-patch_31May2019.out,Close,/usr/lib/x86_64-linux-gnu/libstdc++.so.6.0.30,/usr/lib/x86_64-linux-gnu/libstdc++.so,/usr/lib/x86_64-linux-gnu/libstdc++.so,1732059734688606913,
56,/home/vanessa/Desktop/Code/lammps-time/experiments/local-kind/results/recordings/lammps-patch_31May2019.out,lammps-patch_31May2019.out,Lookup,/usr/lib/x86_64-linux-gnu/libm.so.6,/usr/lib/x86_64-linux-gnu/libm.so,/usr/lib/x86_64-linux-gnu/libstdc++.so,1732059734688977250,
57,/home/vanessa/Desktop/Code/lammps-time/experiments/local-kind/results/recordings/lammps-patch_31May2019.out,lammps-patch_31May2019.out,Open,/usr/lib/x86_64-linux-gnu/libm.so.6,/usr/lib/x86_64-linux-gnu/libm.so,/usr/lib/x86_64-linux-gnu/libm.so,1732059734689013389,306966
58,/home/vanessa/Desktop/Code/lammps-time/experiments/local-kind/results/recordings/lammps-patch_31May2019.out,lammps-patch_31May2019.out,Close,/usr/lib/x86_64-linux-gnu/libm.so.6,/usr/lib/x86_64-linux-gnu/libm.so,/usr/lib/x86_64-linux-gnu/libm.so,1732059734689320355,
59,/home/vanessa/Desktop/Code/lammps-time/experiments/local-kind/results/recordings/lammps-patch_31May2019.out,lammps-patch_31May2019.out,Lookup,/usr/lib/x86_64-linux-gnu/libgcc_s.so.1,/usr/lib/x86_64-linux-gnu/libgcc_s.so,/usr/lib/x86_64-linux-gnu/libm.so,1732059734689622392,
60,/home/vanessa/Desktop/Code/lammps-time/experiments/local-kind/results/recordings/lammps-patch_31May2019.out,lammps-patch_31May2019.out,Open,/usr/lib/x86_64-linux-gnu/libgcc_s.so.1,/usr/lib/x86_64-linux-gnu/libgcc_s.so,/usr/lib/x86_64-linux-gnu/libgcc_s.so,1732059734689671345,286918
61,/home/vanessa/Desktop/Code/lammps-time/experiments/local-kind/results/recordings/lammps-patch_31May2019.out,lammps-patch_31May2019.out,Close,/usr/lib/x86_64-linux-gnu/libgcc_s.so.1,/usr/lib/x86_64-linux-gnu/libgcc_s.so,/usr/lib/x86_64-linux-gnu/libgcc_s.so,1732059734689958263,
62,/home/vanessa/Desktop/Code/lammps-time/experiments/local-kind/results/recordings/lammps-patch_31May2019.out,lammps-patch_31May2019.out,Lookup,/usr/lib/x86_64-linux-gnu/libc.so.6,/usr/lib/x86_64-linux-gnu/libc.so,/usr/lib/x86_64-linux-gnu/libgcc_s.so,1732059734690227107,
63,/home/vanessa/Desktop/Code/lammps-time/experiments/local-kind/results/recordings/lammps-patch_31May2019.out,lammps-patch_31May2019.out,Open,/usr/lib/x86_64-linux-gnu/libc.so.6,/usr/lib/x86_64-linux-gnu/libc.so,/usr/lib/x86_64-linux-gnu/libc.so,1732059734690268886,421836
64,/home/vanessa/Desktop/Code/lammps-time/experiments/local-kind/results/recordings/lammps-patch_31May2019.out,lammps-patch_31May2019.out,Close,/usr/lib/x86_64-linux-gnu/libc.so.6,/usr/lib/x86_64-linux-gnu/libc.so,/usr/lib/x86_64-linux-gnu/libc.so,1732059734690690722,
65,/home/vanessa/Desktop/Code/lammps-time/experiments/local-kind/results/recordings/lammps-patch_31May2019.out,lammps-patch_31May2019.out,Lookup,/usr/lib/x86_64-linux-gnu/libhwloc.so.15,/usr/lib/x86_64-linux-gnu/libhwloc.so,/usr/lib/x86_64-linux-gnu/libc.so,1732059734691017977,
66,/home/vanessa/Desktop/Code/lammps-time/experiments/local-kind/results/recordings/lammps-patch_31May2019.out,lammps-patch_31May2019.out,Lookup,/usr/lib/x86_64-linux-gnu/libhwloc.so.15.5.2,/usr/lib/x86_64-linux-gnu/libhwloc.so,/usr/lib/x86_64-linux-gnu/libhwloc.so,1732059734691061119,
67,/home/vanessa/Desktop/Code/lammps-time/experiments/local-kind/results/recordings/lammps-patch_31May2019.out,lammps-patch_31May2019.out,Open,/usr/lib/x86_64-linux-gnu/libhwloc.so.15.5.2,/usr/lib/x86_64-linux-gnu/libhwloc.so,/usr/lib/x86_64-linux-gnu/libhwloc.so,1732059734691137656,287539
68,/home/vanessa/Desktop/Code/lammps-time/experiments/local-kind/results/recordings/lammps-patch_31May2019.out,lammps-patch_31May2019.out,Close,/usr/lib/x86_64-linux-gnu/libhwloc.so.15.5.2,/usr/lib/x86_64-linux-gnu/libhwloc.so,/usr/lib/x86_64-linux-gnu/libhwloc.so,1732059734691425195,
69,/home/vanessa/Desktop/Code/lammps-time/experiments/local-kind/results/recordings/lammps-patch_31May2019.out,lammps-patch_31May2019.out,Lookup,/usr/lib/x86_64-linux-gnu/libfabric.so.1,/usr/lib/x86_64-linux-gnu/libfabric.so,/usr/lib/x86_64-linux-gnu/libhwloc.so,1732059734691733654,
70,/home/vanessa/Desktop/Code/lammps-time/experiments/local-kind/results/recordings/lammps-patch_31May2019.out,lammps-patch_31May2019.out,Lookup,/usr/lib/x86_64-linux-gnu/libfabric.so.1.14.0,/usr/lib/x86_64-linux-gnu/libfabric.so,/usr/lib/x86_64-linux-gnu/libfabric.so,1732059734691777497,
71,/home/vanessa/Desktop/Code/lammps-time/experiments/local-kind/results/recordings/lammps-patch_31May2019.out,lammps-patch_31May2019.out,Open,/usr/lib/x86_64-linux-gnu/libfabric.so.1.14.0,/usr/lib/x86_64-linux-gnu/libfabric.so,/usr/lib/x86_64-linux-gnu/libfabric.so,1732059734691842712,336072
72,/home/vanessa/Desktop/Code/lammps-time/experiments/local-kind/results/recordings/lammps-patch_31May2019.out,lammps-patch_31May2019.out,Close,/usr/lib/x86_64-linux-gnu/libfabric.so.1.14.0,/usr/lib/x86_64-linux-gnu/libfabric.so,/usr/lib/x86_64-linux-gnu/libfabric.so,1732059734692178784,
73,/home/vanessa/Desktop/Code/lammps-time/experiments/local-kind/results/recordings/lammps-patch_31May2019.out,lammps-patch_31May2019.out,Lookup,/usr/lib/x86_64-linux-gnu/libudev.so.1,/usr/lib/x86_64-linux-gnu/libudev.so,/usr/lib/x86_64-linux-gnu/libfabric.so,1732059734692443740,
74,/home/vanessa/Desktop/Code/lammps-time/experiments/local-kind/results/recordings/lammps-patch_31May2019.out,lammps-patch_31May2019.out,Lookup,/usr/lib/x86_64-linux-gnu/libudev.so.1.7.2,/usr/lib/x86_64-linux-gnu/libudev.so,/usr/lib/x86_64-linux-gnu/libudev.so,1732059734692484037,
75,/home/vanessa/Desktop/Code/lammps-time/experiments/local-kind/results/recordings/lammps-patch_31May2019.out,lammps-patch_31May2019.out,Open,/usr/lib/x86_64-linux-gnu/libudev.so.1.7.2,/usr/lib/x86_64-linux-gnu/libudev.so,/usr/lib/x86_64-linux-gnu/libudev.so,1732059734692560773,285215
76,/home/vanessa/Desktop/Code/lammps-time/experiments/local-kind/results/recordings/lammps-patch_31May2019.out,lammps-patch_31May2019.out,Close,/usr/lib/x86_64-linux-gnu/libudev.so.1.7.2,/usr/lib/x86_64-linux-gnu/libudev.so,/usr/lib/x86_64-linux-gnu/libudev.so,1732059734692845988,
77,/home/vanessa/Desktop/Code/lammps-time/experiments/local-kind/results/recordings/lammps-patch_31May2019.out,lammps-patch_31May2019.out,Lookup,/usr/lib/x86_64-linux-gnu/librdmacm.so.1,/usr/lib/x86_64-linux-gnu/librdmacm.so,/usr/lib/x86_64-linux-gnu/libudev.so,1732059734693091707,
78,/home/vanessa/Desktop/Code/lammps-time/experiments/local-kind/results/recordings/lammps-patch_31May2019.out,lammps-patch_31May2019.out,Lookup,/usr/lib/x86_64-linux-gnu/librdmacm.so.1.3.39.0,/usr/lib/x86_64-linux-gnu/librdmacm.so,/usr/lib/x86_64-linux-gnu/librdmacm.so,1732059734693139709,
79,/home/vanessa/Desktop/Code/lammps-time/experiments/local-kind/results/recordings/lammps-patch_31May2019.out,lammps-patch_31May2019.out,Open,/usr/lib/x86_64-linux-gnu/librdmacm.so.1.3.39.0,/usr/lib/x86_64-linux-gnu/librdmacm.so,/usr/lib/x86_64-linux-gnu/librdmacm.so,1732059734693212798,293010
80,/home/vanessa/Desktop/Code/lammps-time/experiments/local-kind/results/recordings/lammps-patch_31May2019.out,lammps-patch_31May2019.out,Close,/usr/lib/x86_64-linux-gnu/librdmacm.so.1.3.39.0,/usr/lib/x86_64-linux-gnu/librdmacm.so,/usr/lib/x86_64-linux-gnu/librdmacm.so,1732059734693505808,
81,/home/vanessa/Desktop/Code/lammps-time/experiments/local-kind/results/recordings/lammps-patch_31May2019.out,lammps-patch_31May2019.out,Lookup,/usr/lib/x86_64-linux-gnu/libefa.so.1,/usr/lib/x86_64-linux-gnu/libefa.so,/usr/lib/x86_64-linux-gnu/librdmacm.so,1732059734693750074,
82,/home/vanessa/Desktop/Code/lammps-time/experiments/local-kind/results/recordings/lammps-patch_31May2019.out,lammps-patch_31May2019.out,Lookup,/usr/lib/x86_64-linux-gnu/libefa.so.1.1.39.0,/usr/lib/x86_64-linux-gnu/libefa.so,/usr/lib/x86_64-linux-gnu/libefa.so,1732059734693795621,
83,/home/vanessa/Desktop/Code/lammps-time/experiments/local-kind/results/recordings/lammps-patch_31May2019.out,lammps-patch_31May2019.out,Open,/usr/lib/x86_64-linux-gnu/libefa.so.1.1.39.0,/usr/lib/x86_64-linux-gnu/libefa.so,/usr/lib/x86_64-linux-gnu/libefa.so,1732059734693869572,264756
84,/home/vanessa/Desktop/Code/lammps-time/experiments/local-kind/results/recordings/lammps-patch_31May2019.out,lammps-patch_31May2019.out,Close,/usr/lib/x86_64-linux-gnu/libefa.so.1.1.39.0,/usr/lib/x86_64-linux-gnu/libefa.so,/usr/lib/x86_64-linux-gnu/libefa.so,1732059734694134328,
85,/home/vanessa/Desktop/Code/lammps-time/experiments/local-kind/results/recordings/lammps-patch_31May2019.out,lammps-patch_31May2019.out,Lookup,/usr/lib/x86_64-linux-gnu/libibverbs.so.1,/usr/lib/x86_64-linux-gnu/libibverbs.so,/usr/lib/x86_64-linux-gnu/libefa.so,1732059734694380198,
86,/home/vanessa/Desktop/Code/lammps-time/experiments/local-kind/results/recordings/lammps-patch_31May2019.out,lammps-patch_31May2019.out,Lookup,/usr/lib/x86_64-linux-gnu/libibverbs.so.1.14.39.0,/usr/lib/x86_64-linux-gnu/libibverbs.so,/usr/lib/x86_64-linux-gnu/libibverbs.so,1732059734694429041,
87,/home/vanessa/Desktop/Code/lammps-time/experiments/local-kind/results/recordings/lammps-patch_31May2019.out,lammps-patch_31May2019.out,Open,/usr/lib/x86_64-linux-gnu/libibverbs.so.1.14.39.0,/usr/lib/x86_64-linux-gnu/libibverbs.so,/usr/lib/x86_64-linux-gnu/libibverbs.so,1732059734694495728,283652
88,/home/vanessa/Desktop/Code/lammps-time/experiments/local-kind/results/recordings/lammps-patch_31May2019.out,lammps-patch_31May2019.out,Close,/usr/lib/x86_64-linux-gnu/libibverbs.so.1.14.39.0,/usr/lib/x86_64-linux-gnu/libibverbs.so,/usr/lib/x86_64-linux-gnu/libibverbs.so,1732059734694779380,
89,/home/vanessa/Desktop/Code/lammps-time/experiments/local-kind/results/recordings/lammps-patch_31May2019.out,lammps-patch_31May2019.out,Lookup,/usr/lib/x86_64-linux-gnu/libpsm_infinipath.so.1,/usr/lib/x86_64-linux-gnu/libpsm_infinipath.so,/usr/lib/x86_64-linux-gnu/libibverbs.so,1732059734695020981,
90,/home/vanessa/Desktop/Code/lammps-time/experiments/local-kind/results/recordings/lammps-patch_31May2019.out,lammps-patch_31May2019.out,Lookup,/etc/alternatives,/etc/alternatives,/usr/lib/x86_64-linux-gnu/libpsm_infinipath.so,1732059734695121894,
91,/home/vanessa/Desktop/Code/lammps-time/experiments/local-kind/results/recordings/lammps-patch_31May2019.out,lammps-patch_31May2019.out,Lookup,/etc/alternatives/libpsm_infinipath.so.1,/etc/alternatives/libpsm_infinipath.so,/etc/alternatives,1732059734695148525,
92,/home/vanessa/Desktop/Code/lammps-time/experiments/local-kind/results/recordings/lammps-patch_31May2019.out,lammps-patch_31May2019.out,Lookup,/usr/lib/libpsm1,/usr/lib/libpsm1,/etc/alternatives/libpsm_infinipath.so,1732059734695218278,
93,/home/vanessa/Desktop/Code/lammps-time/experiments/local-kind/results/recordings/lammps-patch_31May2019.out,lammps-patch_31May2019.out,Lookup,/usr/lib/libpsm1/libpsm_infinipath.so.1.16,/usr/lib/libpsm1/libpsm_infinipath.so,/usr/lib/libpsm1,1732059734695241933,
94,/home/vanessa/Desktop/Code/lammps-time/experiments/local-kind/results/recordings/lammps-patch_31May2019.out,lammps-patch_31May2019.out,Open,/usr/lib/libpsm1/libpsm_infinipath.so.1.16,/usr/lib/libpsm1/libpsm_infinipath.so,/usr/lib/libpsm1/libpsm_infinipath.so,1732059734695281689,304983
95,/home/vanessa/Desktop/Code/lammps-time/experiments/local-kind/results/recordings/lammps-patch_31May2019.out,lammps-patch_31May2019.out,Close,/usr/lib/libpsm1/libpsm_infinipath.so.1.16,/usr/lib/libpsm1/libpsm_infinipath.so,/usr/lib/libpsm1/libpsm_infinipath.so,1732059734695586672,
96,/home/vanessa/Desktop/Code/lammps-time/experiments/local-kind/results/recordings/lammps-patch_31May2019.out,lammps-patch_31May2019.out,Lookup,/usr/lib/x86_64-linux-gnu/libpsm2.so.2,/usr/lib/x86_64-linux-gnu/libpsm2.so,/usr/lib/libpsm1/libpsm_infinipath.so,1732059734695887516,
97,/home/vanessa/Desktop/Code/lammps-time/experiments/local-kind/results/recordings/lammps-patch_31May2019.out,lammps-patch_31May2019.out,Lookup,/usr/lib/x86_64-linux-gnu/libpsm2.so.2.2,/usr/lib/x86_64-linux-gnu/libpsm2.so,/usr/lib/x86_64-linux-gnu/libpsm2.so,1732059734695937351,
98,/home/vanessa/Desktop/Code/lammps-time/experiments/local-kind/results/recordings/lammps-patch_31May2019.out,lammps-patch_31May2019.out,Open,/usr/lib/x86_64-linux-gnu/libpsm2.so.2.2,/usr/lib/x86_64-linux-gnu/libpsm2.so,/usr/lib/x86_64-linux-gnu/libpsm2.so,1732059734696008467,333838
99,/home/vanessa/Desktop/Code/lammps-time/experiments/local-kind/results/recordings/lammps-patch_31May2019.out,lammps-patch_31May2019.out,Close,/usr/lib/x86_64-linux-gnu/libpsm2.so.2.2,/usr/lib/x86_64-linux-gnu/libpsm2.so,/usr/lib/x86_64-linux-gnu/libpsm2.so,1732059734696342305,
100,/home/vanessa/Desktop/Code/lammps-time/experiments/local-kind/results/recordings/lammps-patch_31May2019.out,lammps-patch_31May2019.out,Lookup,/usr/lib/x86_64-linux-gnu/libnl-3.so.200,/usr/lib/x86_64-linux-gnu/libnl-3.so,/usr/lib/x86_64-linux-gnu/libpsm2.so,1732059734696596951,
101,/home/vanessa/Desktop/Code/lammps-time/experiments/local-kind/results/recordings/lammps-patch_31May2019.out,lammps-patch_31May2019.out,Lookup,/usr/lib/x86_64-linux-gnu/libnl-3.so.200.26.0,/usr/lib/x86_64-linux-gnu/libnl-3.so,/usr/lib/x86_64-linux-gnu/libnl-3.so,1732059734696638580,
102,/home/vanessa/Desktop/Code/lammps-time/experiments/local-kind/results/recordings/lammps-patch_31May2019.out,lammps-patch_31May2019.out,Open,/usr/lib/x86_64-linux-gnu/libnl-3.so.200.26.0,/usr/lib/x86_64-linux-gnu/libnl-3.so,/usr/lib/x86_64-linux-gnu/libnl-3.so,1732059734696704857,272490
103,/home/vanessa/Desktop/Code/lammps-time/experiments/local-kind/results/recordings/lammps-patch_31May2019.out,lammps-patch_31May2019.out,Close,/usr/lib/x86_64-linux-gnu/libnl-3.so.200.26.0,/usr/lib/x86_64-linux-gnu/libnl-3.so,/usr/lib/x86_64-linux-gnu/libnl-3.so,1732059734696977347,
104,/home/vanessa/Desktop/Code/lammps-time/experiments/local-kind/results/recordings/lammps-patch_31May2019.out,lammps-patch_31May2019.out,Lookup,/usr/lib/x86_64-linux-gnu/libnl-route-3.so.200,/usr/lib/x86_64-linux-gnu/libnl-route-3.so,/usr/lib/x86_64-linux-gnu/libnl-3.so,1732059734697302128,
105,/home/vanessa/Desktop/Code/lammps-time/experiments/local-kind/results/recordings/lammps-patch_31May2019.out,lammps-patch_31May2019.out,Lookup,/usr/lib/x86_64-linux-gnu/libnl-route-3.so.200.26.0,/usr/lib/x86_64-linux-gnu/libnl-route-3.so,/usr/lib/x86_64-linux-gnu/libnl-route-3.so,1732059734697346021,
106,/home/vanessa/Desktop/Code/lammps-time/experiments/local-kind/results/recordings/lammps-patch_31May2019.out,lammps-patch_31May2019.out,Open,/usr/lib/x86_64-linux-gnu/libnl-route-3.so.200.26.0,/usr/lib/x86_64-linux-gnu/libnl-route-3.so,/usr/lib/x86_64-linux-gnu/libnl-route-3.so,1732059734697414372,317847
107,/home/vanessa/Desktop/Code/lammps-time/experiments/local-kind/results/recordings/lammps-patch_31May2019.out,lammps-patch_31May2019.out,Close,/usr/lib/x86_64-linux-gnu/libnl-route-3.so.200.26.0,/usr/lib/x86_64-linux-gnu/libnl-route-3.so,/usr/lib/x86_64-linux-gnu/libnl-route-3.so,1732059734697732219,
108,/home/vanessa/Desktop/Code/lammps-time/experiments/local-kind/results/recordings/lammps-patch_31May2019.out,lammps-patch_31May2019.out,Lookup,/usr/lib/x86_64-linux-gnu/libinfinipath.so.4,/usr/lib/x86_64-linux-gnu/libinfinipath.so,/usr/lib/x86_64-linux-gnu/libnl-route-3.so,1732059734698093739,
109,/home/vanessa/Desktop/Code/lammps-time/experiments/local-kind/results/recordings/lammps-patch_31May2019.out,lammps-patch_31May2019.out,Lookup,/usr/lib/x86_64-linux-gnu/libinfinipath.so.4.0,/usr/lib/x86_64-linux-gnu/libinfinipath.so,/usr/lib/x86_64-linux-gnu/libinfinipath.so,1732059734698150678,
110,/home/vanessa/Desktop/Code/lammps-time/experiments/local-kind/results/recordings/lammps-patch_31May2019.out,lammps-patch_31May2019.out,Open,/usr/lib/x86_64-linux-gnu/libinfinipath.so.4.0,/usr/lib/x86_64-linux-gnu/libinfinipath.so,/usr/lib/x86_64-linux-gnu/libinfinipath.so,1732059734698219339,307137
111,/home/vanessa/Desktop/Code/lammps-time/experiments/local-kind/results/recordings/lammps-patch_31May2019.out,lammps-patch_31May2019.out,Close,/usr/lib/x86_64-linux-gnu/libinfinipath.so.4.0,/usr/lib/x86_64-linux-gnu/libinfinipath.so,/usr/lib/x86_64-linux-gnu/libinfinipath.so,1732059734698526476,
112,/home/vanessa/Desktop/Code/lammps-time/experiments/local-kind/results/recordings/lammps-patch_31May2019.out,lammps-patch_31May2019.out,Lookup,/usr/lib/x86_64-linux-gnu/librt.so.1,/usr/lib/x86_64-linux-gnu/librt.so,/usr/lib/x86_64-linux-gnu/libinfinipath.so,1732059734698786833,
113,/home/vanessa/Desktop/Code/lammps-time/experiments/local-kind/results/recordings/lammps-patch_31May2019.out,lammps-patch_31May2019.out,Open,/usr/lib/x86_64-linux-gnu/librt.so.1,/usr/lib/x86_64-linux-gnu/librt.so,/usr/lib/x86_64-linux-gnu/librt.so,1732059734698820687,418470
114,/home/vanessa/Desktop/Code/lammps-time/experiments/local-kind/results/recordings/lammps-patch_31May2019.out,lammps-patch_31May2019.out,Close,/usr/lib/x86_64-linux-gnu/librt.so.1,/usr/lib/x86_64-linux-gnu/librt.so,/usr/lib/x86_64-linux-gnu/librt.so,1732059734699239157,
115,/home/vanessa/Desktop/Code/lammps-time/experiments/local-kind/results/recordings/lammps-patch_31May2019.out,lammps-patch_31May2019.out,Lookup,/usr/lib/x86_64-linux-gnu/libpthread.so.0,/usr/lib/x86_64-linux-gnu/libpthread.so,/usr/lib/x86_64-linux-gnu/librt.so,1732059734699498021,
116,/home/vanessa/Desktop/Code/lammps-time/experiments/local-kind/results/recordings/lammps-patch_31May2019.out,lammps-patch_31May2019.out,Open,/usr/lib/x86_64-linux-gnu/libpthread.so.0,/usr/lib/x86_64-linux-gnu/libpthread.so,/usr/lib/x86_64-linux-gnu/libpthread.so,1732059734699533108,358505
117,/home/vanessa/Desktop/Code/lammps-time/experiments/local-kind/results/recordings/lammps-patch_31May2019.out,lammps-patch_31May2019.out,Close,/usr/lib/x86_64-linux-gnu/libpthread.so.0,/usr/lib/x86_64-linux-gnu/libpthread.so,/usr/lib/x86_64-linux-gnu/libpthread.so,1732059734699891613,
118,/home/vanessa/Desktop/Code/lammps-time/experiments/local-kind/results/recordings/lammps-patch_31May2019.out,lammps-patch_31May2019.out,Lookup,/usr/lib/x86_64-linux-gnu/libdl.so.2,/usr/lib/x86_64-linux-gnu/libdl.so,/usr/lib/x86_64-linux-gnu/libpthread.so,1732059734700205131,
119,/home/vanessa/Desktop/Code/lammps-time/experiments/local-kind/results/recordings/lammps-patch_31May2019.out,lammps-patch_31May2019.out,Open,/usr/lib/x86_64-linux-gnu/libdl.so.2,/usr/lib/x86_64-linux-gnu/libdl.so,/usr/lib/x86_64-linux-gnu/libdl.so,1732059734700258183,344718
120,/home/vanessa/Desktop/Code/lammps-time/experiments/local-kind/results/recordings/lammps-patch_31May2019.out,lammps-patch_31May2019.out,Close,/usr/lib/x86_64-linux-gnu/libdl.so.2,/usr/lib/x86_64-linux-gnu/libdl.so,/usr/lib/x86_64-linux-gnu/libdl.so,1732059734700602901,
121,/home/vanessa/Desktop/Code/lammps-time/experiments/local-kind/results/recordings/lammps-patch_31May2019.out,lammps-patch_31May2019.out,Lookup,/usr/lib/x86_64-linux-gnu/libuuid.so.1,/usr/lib/x86_64-linux-gnu/libuuid.so,/usr/lib/x86_64-linux-gnu/libdl.so,1732059734700844693,
122,/home/vanessa/Desktop/Code/lammps-time/experiments/local-kind/results/recordings/lammps-patch_31May2019.out,lammps-patch_31May2019.out,Lookup,/usr/lib/x86_64-linux-gnu/libuuid.so.1.3.0,/usr/lib/x86_64-linux-gnu/libuuid.so,/usr/lib/x86_64-linux-gnu/libuuid.so,1732059734700890019,
123,/home/vanessa/Desktop/Code/lammps-time/experiments/local-kind/results/recordings/lammps-patch_31May2019.out,lammps-patch_31May2019.out,Open,/usr/lib/x86_64-linux-gnu/libuuid.so.1.3.0,/usr/lib/x86_64-linux-gnu/libuuid.so,/usr/lib/x86_64-linux-gnu/libuuid.so,1732059734700959482,278281
124,/home/vanessa/Desktop/Code/lammps-time/experiments/local-kind/results/recordings/lammps-patch_31May2019.out,lammps-patch_31May2019.out,Close,/usr/lib/x86_64-linux-gnu/libuuid.so.1.3.0,/usr/lib/x86_64-linux-gnu/libuuid.so,/usr/lib/x86_64-linux-gnu/libuuid.so,1732059734701237763,
125,/home/vanessa/Desktop/Code/lammps-time/experiments/local-kind/results/recordings/lammps-patch_31May2019.out,lammps-patch_31May2019.out,Lookup,/usr/lib/x86_64-linux-gnu/libnuma.so.1,/usr/lib/x86_64-linux-gnu/libnuma.so,/usr/lib/x86_64-linux-gnu/libuuid.so,1732059734701492590,
126,/home/vanessa/Desktop/Code/lammps-time/experiments/local-kind/results/recordings/lammps-patch_31May2019.out,lammps-patch_31May2019.out,Lookup,/usr/lib/x86_64-linux-gnu/libnuma.so.1.0.0,/usr/lib/x86_64-linux-gnu/libnuma.so,/usr/lib/x86_64-linux-gnu/libnuma.so,1732059734701536634,
127,/home/vanessa/Desktop/Code/lammps-time/experiments/local-kind/results/recordings/lammps-patch_31May2019.out,lammps-patch_31May2019.out,Open,/usr/lib/x86_64-linux-gnu/libnuma.so.1.0.0,/usr/lib/x86_64-linux-gnu/libnuma.so,/usr/lib/x86_64-linux-gnu/libnuma.so,1732059734701614353,274173
128,/home/vanessa/Desktop/Code/lammps-time/experiments/local-kind/results/recordings/lammps-patch_31May2019.out,lammps-patch_31May2019.out,Close,/usr/lib/x86_64-linux-gnu/libnuma.so.1.0.0,/usr/lib/x86_64-linux-gnu/libnuma.so,/usr/lib/x86_64-linux-gnu/libnuma.so,1732059734701888526,
129,/home/vanessa/Desktop/Code/lammps-time/experiments/local-kind/results/recordings/lammps-patch_31May2019.out,lammps-patch_31May2019.out,Lookup,/usr/lib/x86_64-linux-gnu/hwloc,/usr/lib/x86_64-linux-gnu/hwloc,/usr/lib/x86_64-linux-gnu/libnuma.so,1732059734914006022,
130,/home/vanessa/Desktop/Code/lammps-time/experiments/local-kind/results/recordings/lammps-patch_31May2019.out,lammps-patch_31May2019.out,Lookup,/usr/lib/x86_64-linux-gnu/hwloc/hwloc_opencl.so,/usr/lib/x86_64-linux-gnu/hwloc/hwloc_opencl.so,/usr/lib/x86_64-linux-gnu/hwloc,1732059734914219069,
131,/home/vanessa/Desktop/Code/lammps-time/experiments/local-kind/results/recordings/lammps-patch_31May2019.out,lammps-patch_31May2019.out,Lookup,/usr/lib/x86_64-linux-gnu/hwloc/hwloc_xml_libxml.so,/usr/lib/x86_64-linux-gnu/hwloc/hwloc_xml_libxml.so,/usr/lib/x86_64-linux-gnu/hwloc/hwloc_opencl.so,1732059734914238896,
132,/home/vanessa/Desktop/Code/lammps-time/experiments/local-kind/results/recordings/lammps-patch_31May2019.out,lammps-patch_31May2019.out,Lookup,/usr/lib/x86_64-linux-gnu/hwloc/hwloc_gl.so,/usr/lib/x86_64-linux-gnu/hwloc/hwloc_gl.so,/usr/lib/x86_64-linux-gnu/hwloc/hwloc_xml_libxml.so,1732059734914249617,
133,/home/vanessa/Desktop/Code/lammps-time/experiments/local-kind/results/recordings/lammps-patch_31May2019.out,lammps-patch_31May2019.out,Lookup,/usr/lib/x86_64-linux-gnu/hwloc/hwloc_pci.so,/usr/lib/x86_64-linux-gnu/hwloc/hwloc_pci.so,/usr/lib/x86_64-linux-gnu/hwloc/hwloc_gl.so,1732059734914263243,
134,/home/vanessa/Desktop/Code/lammps-time/experiments/local-kind/results/recordings/lammps-patch_31May2019.out,lammps-patch_31May2019.out,Open,/usr/lib/x86_64-linux-gnu/hwloc/hwloc_opencl.so,/usr/lib/x86_64-linux-gnu/hwloc/hwloc_opencl.so,/usr/lib/x86_64-linux-gnu/hwloc/hwloc_pci.so,1732059734914419521,266349
135,/home/vanessa/Desktop/Code/lammps-time/experiments/local-kind/results/recordings/lammps-patch_31May2019.out,lammps-patch_31May2019.out,Close,/usr/lib/x86_64-linux-gnu/hwloc/hwloc_opencl.so,/usr/lib/x86_64-linux-gnu/hwloc/hwloc_opencl.so,/usr/lib/x86_64-linux-gnu/hwloc/hwloc_opencl.so,1732059734914685870,
136,/home/vanessa/Desktop/Code/lammps-time/experiments/local-kind/results/recordings/lammps-patch_31May2019.out,lammps-patch_31May2019.out,Open,/etc/ld.so.cache,/etc/ld.so,/usr/lib/x86_64-linux-gnu/hwloc/hwloc_opencl.so,1732059734914901502,102946
137,/home/vanessa/Desktop/Code/lammps-time/experiments/local-kind/results/recordings/lammps-patch_31May2019.out,lammps-patch_31May2019.out,Close,/etc/ld.so.cache,/etc/ld.so,/etc/ld.so,1732059734915004448,
138,/home/vanessa/Desktop/Code/lammps-time/experiments/local-kind/results/recordings/lammps-patch_31May2019.out,lammps-patch_31May2019.out,Lookup,/usr/lib/x86_64-linux-gnu/libOpenCL.so.1,/usr/lib/x86_64-linux-gnu/libOpenCL.so,/etc/ld.so,1732059734915157060,
139,/home/vanessa/Desktop/Code/lammps-time/experiments/local-kind/results/recordings/lammps-patch_31May2019.out,lammps-patch_31May2019.out,Lookup,/usr/lib/x86_64-linux-gnu/libOpenCL.so.1.0.0,/usr/lib/x86_64-linux-gnu/libOpenCL.so,/usr/lib/x86_64-linux-gnu/libOpenCL.so,1732059734915203398,
140,/home/vanessa/Desktop/Code/lammps-time/experiments/local-kind/results/recordings/lammps-patch_31May2019.out,lammps-patch_31May2019.out,Open,/usr/lib/x86_64-linux-gnu/libOpenCL.so.1.0.0,/usr/lib/x86_64-linux-gnu/libOpenCL.so,/usr/lib/x86_64-linux-gnu/libOpenCL.so,1732059734915273783,262902
141,/home/vanessa/Desktop/Code/lammps-time/experiments/local-kind/results/recordings/lammps-patch_31May2019.out,lammps-patch_31May2019.out,Close,/usr/lib/x86_64-linux-gnu/libOpenCL.so.1.0.0,/usr/lib/x86_64-linux-gnu/libOpenCL.so,/usr/lib/x86_64-linux-gnu/libOpenCL.so,1732059734915536685,
142,/home/vanessa/Desktop/Code/lammps-time/experiments/local-kind/results/recordings/lammps-patch_31May2019.out,lammps-patch_31May2019.out,Open,/usr/lib/x86_64-linux-gnu/hwloc/hwloc_xml_libxml.so,/usr/lib/x86_64-linux-gnu/hwloc/hwloc_xml_libxml.so,/usr/lib/x86_64-linux-gnu/libOpenCL.so,1732059734915831578,249386
143,/home/vanessa/Desktop/Code/lammps-time/experiments/local-kind/results/recordings/lammps-patch_31May2019.out,lammps-patch_31May2019.out,Close,/usr/lib/x86_64-linux-gnu/hwloc/hwloc_xml_libxml.so,/usr/lib/x86_64-linux-gnu/hwloc/hwloc_xml_libxml.so,/usr/lib/x86_64-linux-gnu/hwloc/hwloc_xml_libxml.so,1732059734916080964,
144,/home/vanessa/Desktop/Code/lammps-time/experiments/local-kind/results/recordings/lammps-patch_31May2019.out,lammps-patch_31May2019.out,Open,/etc/ld.so.cache,/etc/ld.so,/usr/lib/x86_64-linux-gnu/hwloc/hwloc_xml_libxml.so,1732059734916271338,94741
145,/home/vanessa/Desktop/Code/lammps-time/experiments/local-kind/results/recordings/lammps-patch_31May2019.out,lammps-patch_31May2019.out,Close,/etc/ld.so.cache,/etc/ld.so,/etc/ld.so,1732059734916366079,
146,/home/vanessa/Desktop/Code/lammps-time/experiments/local-kind/results/recordings/lammps-patch_31May2019.out,lammps-patch_31May2019.out,Lookup,/usr/lib/x86_64-linux-gnu/libxml2.so.2,/usr/lib/x86_64-linux-gnu/libxml2.so,/etc/ld.so,1732059734916504012,
147,/home/vanessa/Desktop/Code/lammps-time/experiments/local-kind/results/recordings/lammps-patch_31May2019.out,lammps-patch_31May2019.out,Lookup,/usr/lib/x86_64-linux-gnu/libxml2.so.2.9.13,/usr/lib/x86_64-linux-gnu/libxml2.so,/usr/lib/x86_64-linux-gnu/libxml2.so,1732059734916546593,
148,/home/vanessa/Desktop/Code/lammps-time/experiments/local-kind/results/recordings/lammps-patch_31May2019.out,lammps-patch_31May2019.out,Open,/usr/lib/x86_64-linux-gnu/libxml2.so.2.9.13,/usr/lib/x86_64-linux-gnu/libxml2.so,/usr/lib/x86_64-linux-gnu/libxml2.so,1732059734916626927,366410
149,/home/vanessa/Desktop/Code/lammps-time/experiments/local-kind/results/recordings/lammps-patch_31May2019.out,lammps-patch_31May2019.out,Close,/usr/lib/x86_64-linux-gnu/libxml2.so.2.9.13,/usr/lib/x86_64-linux-gnu/libxml2.so,/usr/lib/x86_64-linux-gnu/libxml2.so,1732059734916993337,
150,/home/vanessa/Desktop/Code/lammps-time/experiments/local-kind/results/recordings/lammps-patch_31May2019.out,lammps-patch_31May2019.out,Lookup,/usr/lib/x86_64-linux-gnu/libicuuc.so.70,/usr/lib/x86_64-linux-gnu/libicuuc.so,/usr/lib/x86_64-linux-gnu/libxml2.so,1732059734917362081,
151,/home/vanessa/Desktop/Code/lammps-time/experiments/local-kind/results/recordings/lammps-patch_31May2019.out,lammps-patch_31May2019.out,Lookup,/usr/lib/x86_64-linux-gnu/libicuuc.so.70.1,/usr/lib/x86_64-linux-gnu/libicuuc.so,/usr/lib/x86_64-linux-gnu/libicuuc.so,1732059734917414872,
152,/home/vanessa/Desktop/Code/lammps-time/experiments/local-kind/results/recordings/lammps-patch_31May2019.out,lammps-patch_31May2019.out,Open,/usr/lib/x86_64-linux-gnu/libicuuc.so.70.1,/usr/lib/x86_64-linux-gnu/libicuuc.so,/usr/lib/x86_64-linux-gnu/libicuuc.so,1732059734917485587,314089
153,/home/vanessa/Desktop/Code/lammps-time/experiments/local-kind/results/recordings/lammps-patch_31May2019.out,lammps-patch_31May2019.out,Close,/usr/lib/x86_64-linux-gnu/libicuuc.so.70.1,/usr/lib/x86_64-linux-gnu/libicuuc.so,/usr/lib/x86_64-linux-gnu/libicuuc.so,1732059734917799676,
154,/home/vanessa/Desktop/Code/lammps-time/experiments/local-kind/results/recordings/lammps-patch_31May2019.out,lammps-patch_31May2019.out,Lookup,/usr/lib/x86_64-linux-gnu/libz.so.1,/usr/lib/x86_64-linux-gnu/libz.so,/usr/lib/x86_64-linux-gnu/libicuuc.so,1732059734918138944,
155,/home/vanessa/Desktop/Code/lammps-time/experiments/local-kind/results/recordings/lammps-patch_31May2019.out,lammps-patch_31May2019.out,Lookup,/usr/lib/x86_64-linux-gnu/libz.so.1.2.11,/usr/lib/x86_64-linux-gnu/libz.so,/usr/lib/x86_64-linux-gnu/libz.so,1732059734918177919,
156,/home/vanessa/Desktop/Code/lammps-time/experiments/local-kind/results/recordings/lammps-patch_31May2019.out,lammps-patch_31May2019.out,Open,/usr/lib/x86_64-linux-gnu/libz.so.1.2.11,/usr/lib/x86_64-linux-gnu/libz.so,/usr/lib/x86_64-linux-gnu/libz.so,1732059734918250598,284703
157,/home/vanessa/Desktop/Code/lammps-time/experiments/local-kind/results/recordings/lammps-patch_31May2019.out,lammps-patch_31May2019.out,Close,/usr/lib/x86_64-linux-gnu/libz.so.1.2.11,/usr/lib/x86_64-linux-gnu/libz.so,/usr/lib/x86_64-linux-gnu/libz.so,1732059734918535301,
158,/home/vanessa/Desktop/Code/lammps-time/experiments/local-kind/results/recordings/lammps-patch_31May2019.out,lammps-patch_31May2019.out,Lookup,/usr/lib/x86_64-linux-gnu/liblzma.so.5,/usr/lib/x86_64-linux-gnu/liblzma.so,/usr/lib/x86_64-linux-gnu/libz.so,1732059734918784026,
159,/home/vanessa/Desktop/Code/lammps-time/experiments/local-kind/results/recordings/lammps-patch_31May2019.out,lammps-patch_31May2019.out,Lookup,/usr/lib/x86_64-linux-gnu/liblzma.so.5.2.5,/usr/lib/x86_64-linux-gnu/liblzma.so,/usr/lib/x86_64-linux-gnu/liblzma.so,1732059734918818592,
160,/home/vanessa/Desktop/Code/lammps-time/experiments/local-kind/results/recordings/lammps-patch_31May2019.out,lammps-patch_31May2019.out,Open,/usr/lib/x86_64-linux-gnu/liblzma.so.5.2.5,/usr/lib/x86_64-linux-gnu/liblzma.so,/usr/lib/x86_64-linux-gnu/liblzma.so,1732059734918890880,269014
161,/home/vanessa/Desktop/Code/lammps-time/experiments/local-kind/results/recordings/lammps-patch_31May2019.out,lammps-patch_31May2019.out,Close,/usr/lib/x86_64-linux-gnu/liblzma.so.5.2.5,/usr/lib/x86_64-linux-gnu/liblzma.so,/usr/lib/x86_64-linux-gnu/liblzma.so,1732059734919159894,
162,/home/vanessa/Desktop/Code/lammps-time/experiments/local-kind/results/recordings/lammps-patch_31May2019.out,lammps-patch_31May2019.out,Lookup,/usr/lib/x86_64-linux-gnu/libicudata.so.70,/usr/lib/x86_64-linux-gnu/libicudata.so,/usr/lib/x86_64-linux-gnu/liblzma.so,1732059734919450679,
163,/home/vanessa/Desktop/Code/lammps-time/experiments/local-kind/results/recordings/lammps-patch_31May2019.out,lammps-patch_31May2019.out,Lookup,/usr/lib/x86_64-linux-gnu/libicudata.so.70.1,/usr/lib/x86_64-linux-gnu/libicudata.so,/usr/lib/x86_64-linux-gnu/libicudata.so,1732059734919525642,
164,/home/vanessa/Desktop/Code/lammps-time/experiments/local-kind/results/recordings/lammps-patch_31May2019.out,lammps-patch_31May2019.out,Open,/usr/lib/x86_64-linux-gnu/libicudata.so.70.1,/usr/lib/x86_64-linux-gnu/libicudata.so,/usr/lib/x86_64-linux-gnu/libicudata.so,1732059734919595696,290184
165,/home/vanessa/Desktop/Code/lammps-time/experiments/local-kind/results/recordings/lammps-patch_31May2019.out,lammps-patch_31May2019.out,Close,/usr/lib/x86_64-linux-gnu/libicudata.so.70.1,/usr/lib/x86_64-linux-gnu/libicudata.so,/usr/lib/x86_64-linux-gnu/libicudata.so,1732059734919885880,
166,/home/vanessa/Desktop/Code/lammps-time/experiments/local-kind/results/recordings/lammps-patch_31May2019.out,lammps-patch_31May2019.out,Open,/usr/lib/x86_64-linux-gnu/hwloc/hwloc_gl.so,/usr/lib/x86_64-linux-gnu/hwloc/hwloc_gl.so,/usr/lib/x86_64-linux-gnu/libicudata.so,1732059734921297075,218638
167,/home/vanessa/Desktop/Code/lammps-time/experiments/local-kind/results/recordings/lammps-patch_31May2019.out,lammps-patch_31May2019.out,Close,/usr/lib/x86_64-linux-gnu/hwloc/hwloc_gl.so,/usr/lib/x86_64-linux-gnu/hwloc/hwloc_gl.so,/usr/lib/x86_64-linux-gnu/hwloc/hwloc_gl.so,1732059734921515713,
168,/home/vanessa/Desktop/Code/lammps-time/experiments/local-kind/results/recordings/lammps-patch_31May2019.out,lammps-patch_31May2019.out,Open,/etc/ld.so.cache,/etc/ld.so,/usr/lib/x86_64-linux-gnu/hwloc/hwloc_gl.so,1732059734921697189,91696
169,/home/vanessa/Desktop/Code/lammps-time/experiments/local-kind/results/recordings/lammps-patch_31May2019.out,lammps-patch_31May2019.out,Close,/etc/ld.so.cache,/etc/ld.so,/etc/ld.so,1732059734921788885,
170,/home/vanessa/Desktop/Code/lammps-time/experiments/local-kind/results/recordings/lammps-patch_31May2019.out,lammps-patch_31May2019.out,Lookup,/usr/lib/x86_64-linux-gnu/libXNVCtrl.so.0,/usr/lib/x86_64-linux-gnu/libXNVCtrl.so,/etc/ld.so,1732059734921919033,
171,/home/vanessa/Desktop/Code/lammps-time/experiments/local-kind/results/recordings/lammps-patch_31May2019.out,lammps-patch_31May2019.out,Lookup,/usr/lib/x86_64-linux-gnu/libXNVCtrl.so.0.0.0,/usr/lib/x86_64-linux-gnu/libXNVCtrl.so,/usr/lib/x86_64-linux-gnu/libXNVCtrl.so,1732059734921959591,
172,/home/vanessa/Desktop/Code/lammps-time/experiments/local-kind/results/recordings/lammps-patch_31May2019.out,lammps-patch_31May2019.out,Open,/usr/lib/x86_64-linux-gnu/libXNVCtrl.so.0.0.0,/usr/lib/x86_64-linux-gnu/libXNVCtrl.so,/usr/lib/x86_64-linux-gnu/libXNVCtrl.so,1732059734922028272,265747
173,/home/vanessa/Desktop/Code/lammps-time/experiments/local-kind/results/recordings/lammps-patch_31May2019.out,lammps-patch_31May2019.out,Close,/usr/lib/x86_64-linux-gnu/libXNVCtrl.so.0.0.0,/usr/lib/x86_64-linux-gnu/libXNVCtrl.so,/usr/lib/x86_64-linux-gnu/libXNVCtrl.so,1732059734922294019,
174,/home/vanessa/Desktop/Code/lammps-time/experiments/local-kind/results/recordings/lammps-patch_31May2019.out,lammps-patch_31May2019.out,Lookup,/usr/lib/x86_64-linux-gnu/libX11.so.6,/usr/lib/x86_64-linux-gnu/libX11.so,/usr/lib/x86_64-linux-gnu/libXNVCtrl.so,1732059734922541181,
175,/home/vanessa/Desktop/Code/lammps-time/experiments/local-kind/results/recordings/lammps-patch_31May2019.out,lammps-patch_31May2019.out,Lookup,/usr/lib/x86_64-linux-gnu/libX11.so.6.4.0,/usr/lib/x86_64-linux-gnu/libX11.so,/usr/lib/x86_64-linux-gnu/libX11.so,1732059734922581969,
176,/home/vanessa/Desktop/Code/lammps-time/experiments/local-kind/results/recordings/lammps-patch_31May2019.out,lammps-patch_31May2019.out,Open,/usr/lib/x86_64-linux-gnu/libX11.so.6.4.0,/usr/lib/x86_64-linux-gnu/libX11.so,/usr/lib/x86_64-linux-gnu/libX11.so,1732059734922651903,280796
177,/home/vanessa/Desktop/Code/lammps-time/experiments/local-kind/results/recordings/lammps-patch_31May2019.out,lammps-patch_31May2019.out,Close,/usr/lib/x86_64-linux-gnu/libX11.so.6.4.0,/usr/lib/x86_64-linux-gnu/libX11.so,/usr/lib/x86_64-linux-gnu/libX11.so,1732059734922932699,
178,/home/vanessa/Desktop/Code/lammps-time/experiments/local-kind/results/recordings/lammps-patch_31May2019.out,lammps-patch_31May2019.out,Lookup,/usr/lib/x86_64-linux-gnu/libXext.so.6,/usr/lib/x86_64-linux-gnu/libXext.so,/usr/lib/x86_64-linux-gnu/libX11.so,1732059734923241308,
179,/home/vanessa/Desktop/Code/lammps-time/experiments/local-kind/results/recordings/lammps-patch_31May2019.out,lammps-patch_31May2019.out,Lookup,/usr/lib/x86_64-linux-gnu/libXext.so.6.4.0,/usr/lib/x86_64-linux-gnu/libXext.so,/usr/lib/x86_64-linux-gnu/libXext.so,1732059734923291244,
180,/home/vanessa/Desktop/Code/lammps-time/experiments/local-kind/results/recordings/lammps-patch_31May2019.out,lammps-patch_31May2019.out,Open,/usr/lib/x86_64-linux-gnu/libXext.so.6.4.0,/usr/lib/x86_64-linux-gnu/libXext.so,/usr/lib/x86_64-linux-gnu/libXext.so,1732059734923360706,263093
181,/home/vanessa/Desktop/Code/lammps-time/experiments/local-kind/results/recordings/lammps-patch_31May2019.out,lammps-patch_31May2019.out,Close,/usr/lib/x86_64-linux-gnu/libXext.so.6.4.0,/usr/lib/x86_64-linux-gnu/libXext.so,/usr/lib/x86_64-linux-gnu/libXext.so,1732059734923623799,
182,/home/vanessa/Desktop/Code/lammps-time/experiments/local-kind/results/recordings/lammps-patch_31May2019.out,lammps-patch_31May2019.out,Lookup,/usr/lib/x86_64-linux-gnu/libxcb.so.1,/usr/lib/x86_64-linux-gnu/libxcb.so,/usr/lib/x86_64-linux-gnu/libXext.so,1732059734923855631,
183,/home/vanessa/Desktop/Code/lammps-time/experiments/local-kind/results/recordings/lammps-patch_31May2019.out,lammps-patch_31May2019.out,Lookup,/usr/lib/x86_64-linux-gnu/libxcb.so.1.1.0,/usr/lib/x86_64-linux-gnu/libxcb.so,/usr/lib/x86_64-linux-gnu/libxcb.so,1732059734923895107,
184,/home/vanessa/Desktop/Code/lammps-time/experiments/local-kind/results/recordings/lammps-patch_31May2019.out,lammps-patch_31May2019.out,Open,/usr/lib/x86_64-linux-gnu/libxcb.so.1.1.0,/usr/lib/x86_64-linux-gnu/libxcb.so,/usr/lib/x86_64-linux-gnu/libxcb.so,1732059734923963547,266489
185,/home/vanessa/Desktop/Code/lammps-time/experiments/local-kind/results/recordings/lammps-patch_31May2019.out,lammps-patch_31May2019.out,Close,/usr/lib/x86_64-linux-gnu/libxcb.so.1.1.0,/usr/lib/x86_64-linux-gnu/libxcb.so,/usr/lib/x86_64-linux-gnu/libxcb.so,1732059734924230036,
186,/home/vanessa/Desktop/Code/lammps-time/experiments/local-kind/results/recordings/lammps-patch_31May2019.out,lammps-patch_31May2019.out,Lookup,/usr/lib/x86_64-linux-gnu/libXau.so.6,/usr/lib/x86_64-linux-gnu/libXau.so,/usr/lib/x86_64-linux-gnu/libxcb.so,1732059734924531372,
187,/home/vanessa/Desktop/Code/lammps-time/experiments/local-kind/results/recordings/lammps-patch_31May2019.out,lammps-patch_31May2019.out,Lookup,/usr/lib/x86_64-linux-gnu/libXau.so.6.0.0,/usr/lib/x86_64-linux-gnu/libXau.so,/usr/lib/x86_64-linux-gnu/libXau.so,1732059734924574925,
188,/home/vanessa/Desktop/Code/lammps-time/experiments/local-kind/results/recordings/lammps-patch_31May2019.out,lammps-patch_31May2019.out,Open,/usr/lib/x86_64-linux-gnu/libXau.so.6.0.0,/usr/lib/x86_64-linux-gnu/libXau.so,/usr/lib/x86_64-linux-gnu/libXau.so,1732059734924641452,250679
189,/home/vanessa/Desktop/Code/lammps-time/experiments/local-kind/results/recordings/lammps-patch_31May2019.out,lammps-patch_31May2019.out,Close,/usr/lib/x86_64-linux-gnu/libXau.so.6.0.0,/usr/lib/x86_64-linux-gnu/libXau.so,/usr/lib/x86_64-linux-gnu/libXau.so,1732059734924892131,
190,/home/vanessa/Desktop/Code/lammps-time/experiments/local-kind/results/recordings/lammps-patch_31May2019.out,lammps-patch_31May2019.out,Lookup,/usr/lib/x86_64-linux-gnu/libXdmcp.so.6,/usr/lib/x86_64-linux-gnu/libXdmcp.so,/usr/lib/x86_64-linux-gnu/libXau.so,1732059734925134864,
191,/home/vanessa/Desktop/Code/lammps-time/experiments/local-kind/results/recordings/lammps-patch_31May2019.out,lammps-patch_31May2019.out,Lookup,/usr/lib/x86_64-linux-gnu/libXdmcp.so.6.0.0,/usr/lib/x86_64-linux-gnu/libXdmcp.so,/usr/lib/x86_64-linux-gnu/libXdmcp.so,1732059734925176373,
192,/home/vanessa/Desktop/Code/lammps-time/experiments/local-kind/results/recordings/lammps-patch_31May2019.out,lammps-patch_31May2019.out,Open,/usr/lib/x86_64-linux-gnu/libXdmcp.so.6.0.0,/usr/lib/x86_64-linux-gnu/libXdmcp.so,/usr/lib/x86_64-linux-gnu/libXdmcp.so,1732059734925248201,237463
193,/home/vanessa/Desktop/Code/lammps-time/experiments/local-kind/results/recordings/lammps-patch_31May2019.out,lammps-patch_31May2019.out,Close,/usr/lib/x86_64-linux-gnu/libXdmcp.so.6.0.0,/usr/lib/x86_64-linux-gnu/libXdmcp.so,/usr/lib/x86_64-linux-gnu/libXdmcp.so,1732059734925485664,
194,/home/vanessa/Desktop/Code/lammps-time/experiments/local-kind/results/recordings/lammps-patch_31May2019.out,lammps-patch_31May2019.out,Lookup,/usr/lib/x86_64-linux-gnu/libbsd.so.0,/usr/lib/x86_64-linux-gnu/libbsd.so,/usr/lib/x86_64-linux-gnu/libXdmcp.so,1732059734925726494,
195,/home/vanessa/Desktop/Code/lammps-time/experiments/local-kind/results/recordings/lammps-patch_31May2019.out,lammps-patch_31May2019.out,Lookup,/usr/lib/x86_64-linux-gnu/libbsd.so.0.11.5,/usr/lib/x86_64-linux-gnu/libbsd.so,/usr/lib/x86_64-linux-gnu/libbsd.so,1732059734925773584,
196,/home/vanessa/Desktop/Code/lammps-time/experiments/local-kind/results/recordings/lammps-patch_31May2019.out,lammps-patch_31May2019.out,Open,/usr/lib/x86_64-linux-gnu/libbsd.so.0.11.5,/usr/lib/x86_64-linux-gnu/libbsd.so,/usr/lib/x86_64-linux-gnu/libbsd.so,1732059734925843087,308218
197,/home/vanessa/Desktop/Code/lammps-time/experiments/local-kind/results/recordings/lammps-patch_31May2019.out,lammps-patch_31May2019.out,Close,/usr/lib/x86_64-linux-gnu/libbsd.so.0.11.5,/usr/lib/x86_64-linux-gnu/libbsd.so,/usr/lib/x86_64-linux-gnu/libbsd.so,1732059734926151305,
198,/home/vanessa/Desktop/Code/lammps-time/experiments/local-kind/results/recordings/lammps-patch_31May2019.out,lammps-patch_31May2019.out,Lookup,/usr/lib/x86_64-linux-gnu/libmd.so.0,/usr/lib/x86_64-linux-gnu/libmd.so,/usr/lib/x86_64-linux-gnu/libbsd.so,1732059734926385763,
199,/home/vanessa/Desktop/Code/lammps-time/experiments/local-kind/results/recordings/lammps-patch_31May2019.out,lammps-patch_31May2019.out,Lookup,/usr/lib/x86_64-linux-gnu/libmd.so.0.0.5,/usr/lib/x86_64-linux-gnu/libmd.so,/usr/lib/x86_64-linux-gnu/libmd.so,1732059734926434266,
200,/home/vanessa/Desktop/Code/lammps-time/experiments/local-kind/results/recordings/lammps-patch_31May2019.out,lammps-patch_31May2019.out,Open,/usr/lib/x86_64-linux-gnu/libmd.so.0.0.5,/usr/lib/x86_64-linux-gnu/libmd.so,/usr/lib/x86_64-linux-gnu/libmd.so,1732059734926505562,255207
201,/home/vanessa/Desktop/Code/lammps-time/experiments/local-kind/results/recordings/lammps-patch_31May2019.out,lammps-patch_31May2019.out,Close,/usr/lib/x86_64-linux-gnu/libmd.so.0.0.5,/usr/lib/x86_64-linux-gnu/libmd.so,/usr/lib/x86_64-linux-gnu/libmd.so,1732059734926760769,
202,/home/vanessa/Desktop/Code/lammps-time/experiments/local-kind/results/recordings/lammps-patch_31May2019.out,lammps-patch_31May2019.out,Open,/usr/lib/x86_64-linux-gnu/hwloc/hwloc_pci.so,/usr/lib/x86_64-linux-gnu/hwloc/hwloc_pci.so,/usr/lib/x86_64-linux-gnu/libmd.so,1732059734927378148,241081
203,/home/vanessa/Desktop/Code/lammps-time/experiments/local-kind/results/recordings/lammps-patch_31May2019.out,lammps-patch_31May2019.out,Close,/usr/lib/x86_64-linux-gnu/hwloc/hwloc_pci.so,/usr/lib/x86_64-linux-gnu/hwloc/hwloc_pci.so,/usr/lib/x86_64-linux-gnu/hwloc/hwloc_pci.so,1732059734927619229,
204,/home/vanessa/Desktop/Code/lammps-time/experiments/local-kind/results/recordings/lammps-patch_31May2019.out,lammps-patch_31May2019.out,Open,/etc/ld.so.cache,/etc/ld.so,/usr/lib/x86_64-linux-gnu/hwloc/hwloc_pci.so,1732059734927796778,89921
205,/home/vanessa/Desktop/Code/lammps-time/experiments/local-kind/results/recordings/lammps-patch_31May2019.out,lammps-patch_31May2019.out,Close,/etc/ld.so.cache,/etc/ld.so,/etc/ld.so,1732059734927886699,
206,/home/vanessa/Desktop/Code/lammps-time/experiments/local-kind/results/recordings/lammps-patch_31May2019.out,lammps-patch_31May2019.out,Lookup,/usr/lib/x86_64-linux-gnu/libpciaccess.so.0,/usr/lib/x86_64-linux-gnu/libpciaccess.so,/etc/ld.so,1732059734928014523,
207,/home/vanessa/Desktop/Code/lammps-time/experiments/local-kind/results/recordings/lammps-patch_31May2019.out,lammps-patch_31May2019.out,Lookup,/usr/lib/x86_64-linux-gnu/libpciaccess.so.0.11.1,/usr/lib/x86_64-linux-gnu/libpciaccess.so,/usr/lib/x86_64-linux-gnu/libpciaccess.so,1732059734928055742,
208,/home/vanessa/Desktop/Code/lammps-time/experiments/local-kind/results/recordings/lammps-patch_31May2019.out,lammps-patch_31May2019.out,Open,/usr/lib/x86_64-linux-gnu/libpciaccess.so.0.11.1,/usr/lib/x86_64-linux-gnu/libpciaccess.so,/usr/lib/x86_64-linux-gnu/libpciaccess.so,1732059734928139222,240288
209,/home/vanessa/Desktop/Code/lammps-time/experiments/local-kind/results/recordings/lammps-patch_31May2019.out,lammps-patch_31May2019.out,Close,/usr/lib/x86_64-linux-gnu/libpciaccess.so.0.11.1,/usr/lib/x86_64-linux-gnu/libpciaccess.so,/usr/lib/x86_64-linux-gnu/libpciaccess.so,1732059734928379510,
210,/home/vanessa/Desktop/Code/lammps-time/experiments/local-kind/results/recordings/lammps-patch_31May2019.out,lammps-patch_31May2019.out,Lookup,/run,/run,/usr/lib/x86_64-linux-gnu/libpciaccess.so,1732059735195229471,
211,/home/vanessa/Desktop/Code/lammps-time/experiments/local-kind/results/recordings/lammps-patch_31May2019.out,lammps-patch_31May2019.out,Lookup,/var,/var,/run,1732059735206284181,
212,/home/vanessa/Desktop/Code/lammps-time/experiments/local-kind/results/recordings/lammps-patch_31May2019.out,lammps-patch_31May2019.out,Lookup,/var/run,/var/run,/var,1732059735206340108,
213,/home/vanessa/Desktop/Code/lammps-time/experiments/local-kind/results/recordings/lammps-patch_31May2019.out,lammps-patch_31May2019.out,Lookup,/etc/gai.conf,/etc/gai.conf,/var/run,1732059735207422104,
214,/home/vanessa/Desktop/Code/lammps-time/experiments/local-kind/results/recordings/lammps-patch_31May2019.out,lammps-patch_31May2019.out,Open,/etc/gai.conf,/etc/gai.conf,/etc/gai.conf,1732059735207464255,156649
215,/home/vanessa/Desktop/Code/lammps-time/experiments/local-kind/results/recordings/lammps-patch_31May2019.out,lammps-patch_31May2019.out,Close,/etc/gai.conf,/etc/gai.conf,/etc/gai.conf,1732059735207620904,
216,/home/vanessa/Desktop/Code/lammps-time/experiments/local-kind/results/recordings/lammps-patch_31May2019.out,lammps-patch_31May2019.out,Lookup,/usr/share,/usr/share,/etc/gai.conf,1732059735216856190,
217,/home/vanessa/Desktop/Code/lammps-time/experiments/local-kind/results/recordings/lammps-patch_31May2019.out,lammps-patch_31May2019.out,Lookup,/usr/share/misc,/usr/share/misc,/usr/share,1732059735216950209,
218,/home/vanessa/Desktop/Code/lammps-time/experiments/local-kind/results/recordings/lammps-patch_31May2019.out,lammps-patch_31May2019.out,Open,/etc/ld.so.cache,/etc/ld.so,/usr/share/misc,1732059735234986312,186546
219,/home/vanessa/Desktop/Code/lammps-time/experiments/local-kind/results/recordings/lammps-patch_31May2019.out,lammps-patch_31May2019.out,Close,/etc/ld.so.cache,/etc/ld.so,/etc/ld.so,1732059735235172858,
220,/home/vanessa/Desktop/Code/lammps-time/experiments/local-kind/results/recordings/lammps-patch_31May2019.out,lammps-patch_31May2019.out,Open,/etc/ld.so.cache,/etc/ld.so,/etc/ld.so,1732059735244587216,113727
221,/home/vanessa/Desktop/Code/lammps-time/experiments/local-kind/results/recordings/lammps-patch_31May2019.out,lammps-patch_31May2019.out,Close,/etc/ld.so.cache,/etc/ld.so,/etc/ld.so,1732059735244700943,
222,/home/vanessa/Desktop/Code/lammps-time/experiments/local-kind/results/recordings/lammps-patch_31May2019.out,lammps-patch_31May2019.out,Open,/etc/ld.so.cache,/etc/ld.so,/etc/ld.so,1732059735245460564,103658
223,/home/vanessa/Desktop/Code/lammps-time/experiments/local-kind/results/recordings/lammps-patch_31May2019.out,lammps-patch_31May2019.out,Close,/etc/ld.so.cache,/etc/ld.so,/etc/ld.so,1732059735245564222,
224,/home/vanessa/Desktop/Code/lammps-time/experiments/local-kind/results/recordings/lammps-patch_31May2019.out,lammps-patch_31May2019.out,Open,/etc/ld.so.cache,/etc/ld.so,/etc/ld.so,1732059735246363679,103547
225,/home/vanessa/Desktop/Code/lammps-time/experiments/local-kind/results/recordings/lammps-patch_31May2019.out,lammps-patch_31May2019.out,Close,/etc/ld.so.cache,/etc/ld.so,/etc/ld.so,1732059735246467226,
226,/home/vanessa/Desktop/Code/lammps-time/experiments/local-kind/results/recordings/lammps-patch_31May2019.out,lammps-patch_31May2019.out,Open,/etc/ld.so.cache,/etc/ld.so,/etc/ld.so,1732059735247204044,98027
227,/home/vanessa/Desktop/Code/lammps-time/experiments/local-kind/results/recordings/lammps-patch_31May2019.out,lammps-patch_31May2019.out,Close,/etc/ld.so.cache,/etc/ld.so,/etc/ld.so,1732059735247302071,
228,/home/vanessa/Desktop/Code/lammps-time/experiments/local-kind/results/recordings/lammps-patch_31May2019.out,lammps-patch_31May2019.out,Open,/etc/ld.so.cache,/etc/ld.so,/etc/ld.so,1732059735248032035,102646
229,/home/vanessa/Desktop/Code/lammps-time/experiments/local-kind/results/recordings/lammps-patch_31May2019.out,lammps-patch_31May2019.out,Close,/etc/ld.so.cache,/etc/ld.so,/etc/ld.so,1732059735248134681,
230,/home/vanessa/Desktop/Code/lammps-time/experiments/local-kind/results/recordings/lammps-patch_31May2019.out,lammps-patch_31May2019.out,Open,/etc/ld.so.cache,/etc/ld.so,/etc/ld.so,1732059735248857391,102496
231,/home/vanessa/Desktop/Code/lammps-time/experiments/local-kind/results/recordings/lammps-patch_31May2019.out,lammps-patch_31May2019.out,Close,/etc/ld.so.cache,/etc/ld.so,/etc/ld.so,1732059735248959887,
232,/home/vanessa/Desktop/Code/lammps-time/experiments/local-kind/results/recordings/lammps-patch_31May2019.out,lammps-patch_31May2019.out,Open,/etc/ld.so.cache,/etc/ld.so,/etc/ld.so,1732059735249685182,115781
233,/home/vanessa/Desktop/Code/lammps-time/experiments/local-kind/results/recordings/lammps-patch_31May2019.out,lammps-patch_31May2019.out,Close,/etc/ld.so.cache,/etc/ld.so,/etc/ld.so,1732059735249800963,
234,/home/vanessa/Desktop/Code/lammps-time/experiments/local-kind/results/recordings/lammps-patch_31May2019.out,lammps-patch_31May2019.out,Open,/etc/ld.so.cache,/etc/ld.so,/etc/ld.so,1732059735250539984,122684
235,/home/vanessa/Desktop/Code/lammps-time/experiments/local-kind/results/recordings/lammps-patch_31May2019.out,lammps-patch_31May2019.out,Close,/etc/ld.so.cache,/etc/ld.so,/etc/ld.so,1732059735250662668,
236,/home/vanessa/Desktop/Code/lammps-time/experiments/local-kind/results/recordings/lammps-patch_31May2019.out,lammps-patch_31May2019.out,Open,/etc/ld.so.cache,/etc/ld.so,/etc/ld.so,1732059735251409314,107044
237,/home/vanessa/Desktop/Code/lammps-time/experiments/local-kind/results/recordings/lammps-patch_31May2019.out,lammps-patch_31May2019.out,Close,/etc/ld.so.cache,/etc/ld.so,/etc/ld.so,1732059735251516358,
238,/home/vanessa/Desktop/Code/lammps-time/experiments/local-kind/results/recordings/lammps-patch_31May2019.out,lammps-patch_31May2019.out,Open,/etc/ld.so.cache,/etc/ld.so,/etc/ld.so,1732059735252786123,112665
239,/home/vanessa/Desktop/Code/lammps-time/experiments/local-kind/results/recordings/lammps-patch_31May2019.out,lammps-patch_31May2019.out,Close,/etc/ld.so.cache,/etc/ld.so,/etc/ld.so,1732059735252898788,
240,/home/vanessa/Desktop/Code/lammps-time/experiments/local-kind/results/recordings/lammps-patch_31May2019.out,lammps-patch_31May2019.out,Open,/etc/ld.so.cache,/etc/ld.so,/etc/ld.so,1732059735253674059,101163
241,/home/vanessa/Desktop/Code/lammps-time/experiments/local-kind/results/recordings/lammps-patch_31May2019.out,lammps-patch_31May2019.out,Close,/etc/ld.so.cache,/etc/ld.so,/etc/ld.so,1732059735253775222,
242,/home/vanessa/Desktop/Code/lammps-time/experiments/local-kind/results/recordings/lammps-patch_31May2019.out,lammps-patch_31May2019.out,Open,/etc/ld.so.cache,/etc/ld.so,/etc/ld.so,1732059735254561023,101273
243,/home/vanessa/Desktop/Code/lammps-time/experiments/local-kind/results/recordings/lammps-patch_31May2019.out,lammps-patch_31May2019.out,Close,/etc/ld.so.cache,/etc/ld.so,/etc/ld.so,1732059735254662296,
244,/home/vanessa/Desktop/Code/lammps-time/experiments/local-kind/results/recordings/lammps-patch_31May2019.out,lammps-patch_31May2019.out,Open,/etc/ld.so.cache,/etc/ld.so,/etc/ld.so,1732059735255424301,101474
245,/home/vanessa/Desktop/Code/lammps-time/experiments/local-kind/results/recordings/lammps-patch_31May2019.out,lammps-patch_31May2019.out,Close,/etc/ld.so.cache,/etc/ld.so,/etc/ld.so,1732059735255525775,
246,/home/vanessa/Desktop/Code/lammps-time/experiments/local-kind/results/recordings/lammps-patch_31May2019.out,lammps-patch_31May2019.out,Open,/etc/ld.so.cache,/etc/ld.so,/etc/ld.so,1732059735256277691,102946
247,/home/vanessa/Desktop/Code/lammps-time/experiments/local-kind/results/recordings/lammps-patch_31May2019.out,lammps-patch_31May2019.out,Close,/etc/ld.so.cache,/etc/ld.so,/etc/ld.so,1732059735256380637,
248,/home/vanessa/Desktop/Code/lammps-time/experiments/local-kind/results/recordings/lammps-patch_31May2019.out,lammps-patch_31May2019.out,Open,/etc/ld.so.cache,/etc/ld.so,/etc/ld.so,1732059735257125490,110080
249,/home/vanessa/Desktop/Code/lammps-time/experiments/local-kind/results/recordings/lammps-patch_31May2019.out,lammps-patch_31May2019.out,Close,/etc/ld.so.cache,/etc/ld.so,/etc/ld.so,1732059735257235570,
250,/home/vanessa/Desktop/Code/lammps-time/experiments/local-kind/results/recordings/lammps-patch_31May2019.out,lammps-patch_31May2019.out,Open,/etc/ld.so.cache,/etc/ld.so,/etc/ld.so,1732059735257971165,97596
251,/home/vanessa/Desktop/Code/lammps-time/experiments/local-kind/results/recordings/lammps-patch_31May2019.out,lammps-patch_31May2019.out,Close,/etc/ld.so.cache,/etc/ld.so,/etc/ld.so,1732059735258068761,
252,/home/vanessa/Desktop/Code/lammps-time/experiments/local-kind/results/recordings/lammps-patch_31May2019.out,lammps-patch_31May2019.out,Lookup,/opt/lammps/examples/reax/HNS/in.reaxc.hns,/opt/lammps/examples/reax/HNS/in.reaxc.hns,/etc/ld.so,1732059735270241417,
253,/home/vanessa/Desktop/Code/lammps-time/experiments/local-kind/results/recordings/lammps-patch_31May2019.out,lammps-patch_31May2019.out,Open,/opt/lammps/examples/reax/HNS/in.reaxc.hns,/opt/lammps/examples/reax/HNS/in.reaxc.hns,/opt/lammps/examples/reax/HNS/in.reaxc.hns,1732059735270319856,
254,/home/vanessa/Desktop/Code/lammps-time/experiments/local-kind/results/recordings/lammps-patch_31May2019.out,lammps-patch_31May2019.out,Lookup,/opt/lammps/examples/reax/HNS/data.hns-equil,/opt/lammps/examples/reax/HNS/data.hns-equil,/opt/lammps/examples/reax/HNS/in.reaxc.hns,1732059735271975668,
255,/home/vanessa/Desktop/Code/lammps-time/experiments/local-kind/results/recordings/lammps-patch_31May2019.out,lammps-patch_31May2019.out,Open,/opt/lammps/examples/reax/HNS/data.hns-equil,/opt/lammps/examples/reax/HNS/data.hns-equil,/opt/lammps/examples/reax/HNS/data.hns-equil,1732059735272047205,1043132
256,/home/vanessa/Desktop/Code/lammps-time/experiments/local-kind/results/recordings/lammps-patch_31May2019.out,lammps-patch_31May2019.out,Close,/opt/lammps/examples/reax/HNS/data.hns-equil,/opt/lammps/examples/reax/HNS/data.hns-equil,/opt/lammps/examples/reax/HNS/data.hns-equil,1732059735273090337,13721934
257,/home/vanessa/Desktop/Code/lammps-time/experiments/local-kind/results/recordings/lammps-patch_31May2019.out,lammps-patch_31May2019.out,Close,/opt/lammps/examples/reax/HNS/in.reaxc.hns,/opt/lammps/examples/reax/HNS/in.reaxc.hns,/opt/lammps/examples/reax/HNS/data.hns-equil,1732059735284041790,499003
